id,category,issuer,issuer_url,credential_type,display,credential_url,is_credential_retired,is_cms_deeming_credential,created_at,updated_at
1,accreditation,The Joint Commission,https://www.jointcommission.org,jc_hospital_accreditation,Joint Commission Hospital Accreditation,https://www.jointcommission.org/accreditation-and-certification/health-care-settings/hospital/,false,false,,
2,accreditation,The Joint Commission,https://www.jointcommission.org,jc_critical_access_hospital_accreditation,Joint Commission Critical Access Hospital Accreditation,https://www.jointcommission.org/accreditation-and-certification/health-care-settings/critical-access-hospital/,false,false,,
3,accreditation,The Joint Commission,https://www.jointcommission.org,jc_ambulatory_health_care_accreditation,Joint Commission Ambulatory Health Care Accreditation,https://www.jointcommission.org/accreditation-and-certification/health-care-settings/ambulatory-health-care/,false,false,,
4,accreditation,The Joint Commission,https://www.jointcommission.org,jc_behavioral_health_accreditation,Joint Commission Behavioral Health Care and Human Services Accreditation,https://www.jointcommission.org/accreditation-and-certification/health-care-settings/behavioral-health-care-and-human-services/,false,false,,
5,accreditation,The Joint Commission,https://www.jointcommission.org,jc_home_care_accreditation,Joint Commission Home Care Accreditation,https://www.jointcommission.org/accreditation-and-certification/health-care-settings/home-care/,false,false,,
6,accreditation,The Joint Commission,https://www.jointcommission.org,jc_laboratory_accreditation,Joint Commission Laboratory Accreditation,https://www.jointcommission.org/accreditation-and-certification/health-care-settings/laboratory/,false,false,,
7,accreditation,The Joint Commission,https://www.jointcommission.org,jc_nursing_care_center_accreditation,Joint Commission Nursing Care Center Accreditation,https://www.jointcommission.org/accreditation-and-certification/health-care-settings/nursing-care-center/,false,false,,
8,accreditation,The Joint Commission,https://www.jointcommission.org,jc_office_based_surgery_accreditation,Joint Commission Office-Based Surgery Accreditation,https://www.jointcommission.org/accreditation-and-certification/health-care-settings/office-based-surgery/,false,false,,
9,accreditation,DNV Healthcare,https://www.dnv.us,dnv_niaho_hospital_accreditation,DNV NIAHO Hospital Accreditation (Acute Care),https://www.dnv.us/services/niaho-accreditation-for-hospitals2/,false,false,,
10,accreditation,DNV Healthcare,https://www.dnv.us,dnv_niaho_critical_access_hospital_accreditation,DNV NIAHO Critical Access Hospital Accreditation,https://www.dnv.com/services/niaho-accreditation-for-critical-access-hospitals/,false,false,,
11,accreditation,DNV Healthcare,https://www.dnv.us,dnv_niaho_psychiatric_hospital_accreditation,DNV NIAHO Psychiatric Hospital Accreditation,https://www.dnv.us/life-sciences/healthcare/ac/,false,false,,
12,accreditation,ACHC,https://www.achc.org,achc_acute_care_hospital_accreditation,ACHC Acute Care Hospital Accreditation,https://www.achc.org/acute-care-hospitals/,false,false,,
13,accreditation,ACHC,https://www.achc.org,achc_critical_access_hospital_accreditation,ACHC Critical Access Hospital Accreditation,https://www.achc.org/acute-care-hospitals/,false,false,,
14,accreditation,CIHQ,https://cihq.org,cihq_hospital_accreditation,CIHQ Hospital Accreditation,https://cihq.org/accreditation-programs/hospitals/,false,false,,
1000,certification,The Joint Commission,https://www.jointcommission.org,jc_acute_myocardial_infarction_certification,Joint Commission Acute Myocardial Infarction Certification,https://www.jointcommission.org/en-us/certification/cardiac,false,false,,
1001,certification,The Joint Commission,https://www.jointcommission.org,jc_chest_pain_certification,Joint Commission Chest Pain Certification,https://www.jointcommission.org/en-us/certification/cardiac,false,false,,
1002,certification,The Joint Commission,https://www.jointcommission.org,jc_heart_failure_certification,Joint Commission Heart Failure Certification,https://www.jointcommission.org/en-us/certification/cardiac,false,false,,
1003,certification,The Joint Commission,https://www.jointcommission.org,jc_comprehensive_cardiac_center_certification,Joint Commission Comprehensive Cardiac Center Certification,https://www.jointcommission.org/en-us/certification/cardiac,false,false,,
1004,certification,The Joint Commission,https://www.jointcommission.org,jc_comprehensive_heart_attack_center_certification,Joint Commission Comprehensive Heart Attack Center Certification,https://www.jointcommission.org/en-us/certification/cardiac,false,false,,
1005,certification,The Joint Commission,https://www.jointcommission.org,jc_advanced_heart_failure_certification,Joint Commission Advanced Heart Failure Certification,https://www.jointcommission.org/en-us/certification/cardiac,false,false,,
1006,certification,The Joint Commission,https://www.jointcommission.org,jc_acute_heart_attack_ready_certification,Joint Commission Acute Heart Attack Ready Certification,https://www.jointcommission.org/en-us/certification/cardiac,false,false,,
1007,certification,The Joint Commission,https://www.jointcommission.org,jc_primary_heart_attack_center_certification,Joint Commission Primary Heart Attack Center Certification,https://www.jointcommission.org/en-us/certification/cardiac,false,false,,
1008,certification,The Joint Commission,https://www.jointcommission.org,jc_ventricular_assist_device_certification,Joint Commission Ventricular Assist Device Certification,https://www.jointcommission.org/en-us/certification/cardiac,false,false,,
1009,certification,The Joint Commission,https://www.jointcommission.org,jc_centralized_sterilization_services_certification,Joint Commission Centralized Sterilization Services Certification,https://www.jointcommission.org/en-us/certification/centralized-sterilization-services,false,false,,
1010,certification,The Joint Commission,https://www.jointcommission.org,jc_advanced_inpatient_diabetes_certification,Joint Commission Advanced Inpatient Diabetes Certification,https://www.jointcommission.org/en-us/certification/disease-specific-care,false,false,,
1011,certification,The Joint Commission,https://www.jointcommission.org,jc_bariatric_surgery_certification,Joint Commission Bariatric Surgery Certification,https://www.jointcommission.org/en-us/certification/disease-specific-care,false,false,,
1012,certification,The Joint Commission,https://www.jointcommission.org,jc_brain_tumor_certification,Joint Commission Brain Tumor Certification,https://www.jointcommission.org/en-us/certification/disease-specific-care,false,false,,
1013,certification,The Joint Commission,https://www.jointcommission.org,jc_lung_cancer_certification,Joint Commission Lung Cancer Certification,https://www.jointcommission.org/en-us/certification/disease-specific-care,false,false,,
1014,certification,The Joint Commission,https://www.jointcommission.org,jc_sepsis_certification,Joint Commission Sepsis Certification,https://www.jointcommission.org/en-us/certification/disease-specific-care,false,false,,
1015,certification,The Joint Commission,https://www.jointcommission.org,jc_wound_care_certification,Joint Commission Wound Care Certification,https://www.jointcommission.org/en-us/certification/disease-specific-care,false,false,,
1016,certification,The Joint Commission,https://www.jointcommission.org,jc_pneumonia_certification,Joint Commission Pneumonia Certification,https://www.jointcommission.org/en-us/certification/disease-specific-care,false,false,,
1017,certification,The Joint Commission,https://www.jointcommission.org,jc_tuberculosis_certification,Joint Commission Tuberculosis Certification,https://www.jointcommission.org/en-us/certification/disease-specific-care,false,false,,
1018,certification,The Joint Commission,https://www.jointcommission.org,jc_medication_compounding_certification,Joint Commission Medication Compounding Certification,https://www.jointcommission.org/en-us/certification/medication-compounding,false,false,,
1019,certification,The Joint Commission,https://www.jointcommission.org,jc_hip_fracture_certification,Joint Commission Hip Fracture Certification,https://www.jointcommission.org/en-us/certification/orthopedic,false,false,,
1020,certification,The Joint Commission,https://www.jointcommission.org,jc_joint_replacement_hip_certification,Joint Commission Joint Replacement (Hip) Certification,https://www.jointcommission.org/en-us/certification/orthopedic,false,false,,
1021,certification,The Joint Commission,https://www.jointcommission.org,jc_joint_replacement_knee_certification,Joint Commission Joint Replacement (Knee) Certification,https://www.jointcommission.org/en-us/certification/orthopedic,false,false,,
1022,certification,The Joint Commission,https://www.jointcommission.org,jc_joint_replacement_shoulder_certification,Joint Commission Joint Replacement (Shoulder) Certification,https://www.jointcommission.org/en-us/certification/orthopedic,false,false,,
1023,certification,The Joint Commission,https://www.jointcommission.org,jc_spinal_fusion_certification,Joint Commission Spinal Fusion Certification,https://www.jointcommission.org/en-us/certification/orthopedic,false,false,,
1024,certification,The Joint Commission,https://www.jointcommission.org,jc_spine_surgery_certification,Joint Commission Spine Surgery Certification,https://www.jointcommission.org/en-us/certification/orthopedic,false,false,,
1025,certification,The Joint Commission,https://www.jointcommission.org,jc_advanced_spine_surgery_certification,Joint Commission Advanced Spine Surgery Certification,https://www.jointcommission.org/en-us/certification/orthopedic,false,false,,
1026,certification,The Joint Commission,https://www.jointcommission.org,jc_advanced_total_hip_knee_replacement_certification,Joint Commission Advanced Total Hip and Knee Replacement Certification,https://www.jointcommission.org/en-us/certification/orthopedic,false,false,,
1027,certification,The Joint Commission,https://www.jointcommission.org,jc_palliative_care_certification,Joint Commission Palliative Care Certification,https://www.jointcommission.org/en-us/certification/palliative-care,false,false,,
1028,certification,The Joint Commission,https://www.jointcommission.org,jc_patient_blood_management_certification,Joint Commission Patient Blood Management Certification,https://www.jointcommission.org/en-us/certification/patient-blood-management,false,false,,
1029,certification,The Joint Commission,https://www.jointcommission.org,jc_pediatric_asthma_certification,Joint Commission Pediatric Asthma Certification,https://www.jointcommission.org/en-us/certification/disease-specific-care,false,false,,
1030,certification,The Joint Commission,https://www.jointcommission.org,jc_outcomes_driven_perinatal_care_certification,Joint Commission Outcomes-Driven Certification in Perinatal Care,https://www.jointcommission.org/en-us/certification/perinatal-care,false,false,,
1031,certification,The Joint Commission,https://www.jointcommission.org,jc_advanced_perinatal_care_certification,Joint Commission Advanced Certification in Perinatal Care,https://www.jointcommission.org/en-us/certification/perinatal-care,false,false,,
1032,certification,The Joint Commission,https://www.jointcommission.org,jc_amputee_rehabilitation_certification,Joint Commission Amputee Rehabilitation Certification,https://www.jointcommission.org/en-us/certification/disease-specific-care,false,false,,
1033,certification,The Joint Commission,https://www.jointcommission.org,jc_brain_injury_rehabilitation_certification,Joint Commission Brain Injury Rehabilitation Certification,https://www.jointcommission.org/en-us/certification/disease-specific-care,false,false,,
1034,certification,The Joint Commission,https://www.jointcommission.org,jc_cardiac_rehabilitation_certification,Joint Commission Cardiac Rehabilitation Certification,https://www.jointcommission.org/en-us/certification/disease-specific-care,false,false,,
1035,certification,The Joint Commission,https://www.jointcommission.org,jc_hip_fracture_rehabilitation_certification,Joint Commission Hip Fracture Rehabilitation Certification,https://www.jointcommission.org/en-us/certification/disease-specific-care,false,false,,
1036,certification,The Joint Commission,https://www.jointcommission.org,jc_parkinsons_disease_rehabilitation_certification,Joint Commission Parkinson's Disease Rehabilitation Certification,https://www.jointcommission.org/en-us/certification/disease-specific-care,false,false,,
1037,certification,The Joint Commission,https://www.jointcommission.org,jc_pulmonary_rehabilitation_certification,Joint Commission Pulmonary Rehabilitation Certification,https://www.jointcommission.org/en-us/certification/disease-specific-care,false,false,,
1038,certification,The Joint Commission,https://www.jointcommission.org,jc_spinal_cord_injury_rehabilitation_certification,Joint Commission Spinal Cord Injury Rehabilitation Certification,https://www.jointcommission.org/en-us/certification/disease-specific-care,false,false,,
1039,certification,The Joint Commission,https://www.jointcommission.org,jc_stroke_rehabilitation_certification,Joint Commission Stroke Rehabilitation Certification,https://www.jointcommission.org/en-us/certification/stroke,false,false,,
1040,certification,The Joint Commission,https://www.jointcommission.org,jc_copd_certification,Joint Commission COPD Certification,https://www.jointcommission.org/en-us/certification/disease-specific-care,false,false,,
1041,certification,The Joint Commission,https://www.jointcommission.org,jc_integrated_care_certification,Joint Commission Integrated Care Certification,https://www.jointcommission.org/en-us/certification/disease-specific-care,false,false,,
1042,certification,The Joint Commission,https://www.jointcommission.org,jc_respiratory_failure_certification,Joint Commission Respiratory Failure Certification,https://www.jointcommission.org/en-us/certification/disease-specific-care,false,false,,
1043,certification,The Joint Commission,https://www.jointcommission.org,jc_lung_volume_reduction_surgery_certification,Joint Commission Lung Volume Reduction Surgery Certification,https://www.jointcommission.org/en-us/certification/disease-specific-care,false,false,,
1044,certification,The Joint Commission,https://www.jointcommission.org,jc_advanced_copd_certification,Joint Commission Advanced COPD Certification,https://www.jointcommission.org/en-us/certification/disease-specific-care,false,false,,
1045,certification,The Joint Commission,https://www.jointcommission.org,jc_chronic_kidney_disease_certification,Joint Commission Chronic Kidney Disease Certification,https://www.jointcommission.org/en-us/certification/disease-specific-care,false,false,,
1046,certification,The Joint Commission,https://www.jointcommission.org,jc_acute_stroke_ready_hospital_certification,Joint Commission Acute Stroke Ready Hospital Certification,https://www.jointcommission.org/en-us/certification/stroke,false,false,,
1047,certification,The Joint Commission,https://www.jointcommission.org,jc_comprehensive_stroke_center_certification,Joint Commission Comprehensive Stroke Center Certification,https://www.jointcommission.org/en-us/certification/stroke,false,false,,
1048,certification,The Joint Commission,https://www.jointcommission.org,jc_primary_stroke_center_certification,Joint Commission Primary Stroke Center Certification,https://www.jointcommission.org/en-us/certification/stroke,false,false,,
1049,certification,The Joint Commission,https://www.jointcommission.org,jc_thrombectomy_capable_stroke_center_certification,Joint Commission Thrombectomy-Capable Stroke Center Certification,https://www.jointcommission.org/en-us/certification/stroke,false,false,,
1050,certification,The Joint Commission,https://www.jointcommission.org,jc_primary_care_medical_home_certification,Joint Commission Primary Care Medical Home Certification,https://www.jointcommission.org/en-us/certification/primary-care-medical-home,false,false,,
1051,certification,The Joint Commission,https://www.jointcommission.org,jc_responsible_use_of_health_data_certification,Joint Commission Responsible Use of Health Data Certification,https://www.jointcommission.org/en-us/certification/responsible-use-of-health-data,false,false,,
1100,certification,American College of Surgeons,https://www.facs.org,acs_trauma_center_level_1_verification,ACS Level I Trauma Center Verification,https://www.facs.org/quality-programs/trauma/verification-review-and-consultation-program/,false,false,,
1101,certification,American College of Surgeons,https://www.facs.org,acs_trauma_center_level_2_verification,ACS Level II Trauma Center Verification,https://www.facs.org/quality-programs/trauma/verification-review-and-consultation-program/,false,false,,
1102,certification,American College of Surgeons,https://www.facs.org,acs_trauma_center_level_3_verification,ACS Level III Trauma Center Verification,https://www.facs.org/quality-programs/trauma/verification-review-and-consultation-program/,false,false,,
1103,certification,American College of Surgeons,https://www.facs.org,acs_trauma_center_level_4_verification,ACS Level IV Trauma Center Verification,https://www.facs.org/quality-programs/trauma/verification-review-and-consultation-program/,false,false,,
1104,certification,American College of Surgeons,https://www.facs.org,acs_commission_on_cancer_accreditation,ACS Commission on Cancer Accredited Program,https://www.facs.org/quality-programs/cancer-programs/commission-on-cancer/,false,false,,
1105,certification,American College of Surgeons,https://www.facs.org,acs_breast_center_accreditation,ACS National Accreditation Program for Breast Centers (NAPBC),https://www.facs.org/quality-programs/cancer-programs/national-accreditation-program-for-breast-centers/,false,false,,
1106,certification,American College of Surgeons,https://www.facs.org,acs_rectal_cancer_program_accreditation,ACS National Accreditation Program for Rectal Cancer (NAPRC),https://www.facs.org/quality-programs/cancer-programs/national-accreditation-program-for-rectal-cancer/,false,false,,
1107,certification,American College of Surgeons,https://www.facs.org,acs_bariatric_surgery_center_accreditation,ACS MBSAQIP Accredited Bariatric Surgery Center,https://www.facs.org/quality-programs/mbsaqip/,false,false,,
1108,certification,American College of Surgeons,https://www.facs.org,acs_childrens_surgery_center_verification,ACS Children's Surgery Center Verification,https://www.facs.org/quality-programs/childrens-surgery-verification/,false,false,,
1200,certification,American Heart Association,https://www.heart.org,aha_cardiac_care_certification,American Heart Association Cardiac Care Certification,https://www.heart.org/en/professional/quality-improvement/healthcare-certification,false,false,,
1201,certification,American Heart Association,https://www.heart.org,aha_heart_failure_certification,American Heart Association Heart Failure Certification,https://www.heart.org/en/professional/quality-improvement/healthcare-certification,false,false,,
1202,certification,American Heart Association,https://www.heart.org,aha_acute_coronary_syndrome_certification,American Heart Association Acute Coronary Syndrome Certification,https://www.heart.org/en/professional/quality-improvement/healthcare-certification,false,false,,
1203,certification,American Heart Association,https://www.heart.org,aha_stroke_system_of_care_certification,American Heart Association Stroke System of Care Certification,https://www.heart.org/en/professional/quality-improvement/healthcare-certification,false,false,,
1204,certification,American Heart Association,https://www.heart.org,aha_cardiac_rehabilitation_certification,American Heart Association Cardiac Rehabilitation Certification,https://www.heart.org/en/professional/quality-improvement/healthcare-certification,false,false,,
1300,certification,American College of Radiology,https://www.acr.org,acr_computed_tomography_accreditation,ACR Computed Tomography (CT) Accreditation,https://www.acraccreditation.org/modalities/ct,false,false,,
1301,certification,American College of Radiology,https://www.acr.org,acr_magnetic_resonance_imaging_accreditation,ACR Magnetic Resonance Imaging (MRI) Accreditation,https://www.acraccreditation.org/modalities/mri,false,false,,
1302,certification,American College of Radiology,https://www.acr.org,acr_mammography_accreditation,ACR Mammography Accreditation,https://www.acraccreditation.org/modalities/mammography,false,false,,
1303,certification,American College of Radiology,https://www.acr.org,acr_nuclear_medicine_accreditation,ACR Nuclear Medicine Accreditation,https://www.acraccreditation.org/modalities/nuclear-medicine,false,false,,
1304,certification,American College of Radiology,https://www.acr.org,acr_pet_accreditation,ACR PET Accreditation,https://www.acraccreditation.org/modalities/pet,false,false,,
1305,certification,American College of Radiology,https://www.acr.org,acr_radiation_oncology_accreditation,ACR Radiation Oncology Accreditation,https://www.acraccreditation.org/modalities/radiation-oncology,false,false,,
1306,certification,American College of Radiology,https://www.acr.org,acr_stereotactic_breast_biopsy_accreditation,ACR Stereotactic Breast Biopsy Accreditation,https://www.acraccreditation.org/modalities/stereotactic-breast-biopsy,false,false,,
1307,certification,American College of Radiology,https://www.acr.org,acr_ultrasound_accreditation,ACR Ultrasound Accreditation,https://www.acraccreditation.org/modalities/ultrasound,false,false,,
1308,certification,American College of Radiology,https://www.acr.org,acr_breast_imaging_center_of_excellence,ACR Breast Imaging Center of Excellence,https://www.acraccreditation.org/accreditation/bicoe,false,false,,
1400,certification,American Nurses Credentialing Center,https://www.nursingworld.org/ancc,ancc_magnet_recognition,ANCC Magnet Recognition Program,https://www.nursingworld.org/organizational-programs/magnet/,false,false,,
1401,certification,American Nurses Credentialing Center,https://www.nursingworld.org/ancc,ancc_pathway_to_excellence,ANCC Pathway to Excellence Designation,https://www.nursingworld.org/organizational-programs/pathway/,false,false,,
1500,certification,Baby-Friendly USA,https://www.babyfriendlyusa.org,bfusa_baby_friendly_hospital_designation,Baby-Friendly Hospital Designation,https://www.babyfriendlyusa.org/for-facilities/,false,false,,
1600,certification,Commission on Accreditation of Rehabilitation Facilities,https://www.carf.org,carf_inpatient_rehabilitation_accreditation,CARF Inpatient Rehabilitation Program Accreditation,https://www.carf.org/accreditation/,false,false,,
1601,certification,Commission on Accreditation of Rehabilitation Facilities,https://www.carf.org,carf_brain_injury_rehabilitation_accreditation,CARF Brain Injury Rehabilitation Program Accreditation,https://www.carf.org/accreditation/,false,false,,
1602,certification,Commission on Accreditation of Rehabilitation Facilities,https://www.carf.org,carf_stroke_rehabilitation_accreditation,CARF Stroke Rehabilitation Program Accreditation,https://www.carf.org/accreditation/,false,false,,
1603,certification,Commission on Accreditation of Rehabilitation Facilities,https://www.carf.org,carf_spinal_cord_injury_rehabilitation_accreditation,CARF Spinal Cord Injury Rehabilitation Program Accreditation,https://www.carf.org/accreditation/,false,false,,
1604,certification,Commission on Accreditation of Rehabilitation Facilities,https://www.carf.org,carf_amputation_rehabilitation_accreditation,CARF Amputation Rehabilitation Program Accreditation,https://www.carf.org/accreditation/,false,false,,
1605,certification,Commission on Accreditation of Rehabilitation Facilities,https://www.carf.org,carf_cardiac_rehabilitation_accreditation,CARF Cardiac Rehabilitation Program Accreditation,https://www.carf.org/accreditation/,false,false,,
1606,certification,Commission on Accreditation of Rehabilitation Facilities,https://www.carf.org,carf_pulmonary_rehabilitation_accreditation,CARF Pulmonary Rehabilitation Program Accreditation,https://www.carf.org/accreditation/,false,false,,
1700,certification,American Burn Association,https://ameriburn.org,aba_adult_burn_center_verification,ABA Verified Adult Burn Center,https://ameriburn.org/quality-care/burn-center-verification/,false,false,,
1701,certification,American Burn Association,https://ameriburn.org,aba_pediatric_burn_center_verification,ABA Verified Pediatric Burn Center,https://ameriburn.org/quality-care/burn-center-verification/,false,false,,
1702,certification,American Burn Association,https://ameriburn.org,aba_combined_burn_center_verification,ABA Verified Adult and Pediatric Burn Center,https://ameriburn.org/quality-care/burn-center-verification/,false,false,,
1800,certification,Undersea & Hyperbaric Medical Society,https://www.uhms.org,uhms_hyperbaric_facility_accreditation,UHMS Hyperbaric Facility Accreditation,https://www.uhms.org/accreditation.html,false,false,,
1900,certification,American Academy of Sleep Medicine,https://aasm.org,aasm_sleep_center_accreditation,AASM Sleep Center Accreditation,https://aasm.org/accreditation/,false,false,,
1901,certification,AABB,https://www.aabb.org,aabb_blood_bank_transfusion_service_accreditation,AABB Blood Bank / Transfusion Service Accreditation,https://www.aabb.org/standards-accreditation/accreditation,false,false,,
1902,certification,Foundation for the Accreditation of Cellular Therapy,https://www.factglobal.org,fact_cellular_therapy_accreditation,FACT Cellular Therapy Accreditation,https://www.factglobal.org/accreditation/,false,false,,
1903,certification,Intersocietal Accreditation Commission,https://www.intersocietal.org,iac_echocardiography_accreditation,IAC Echocardiography Accreditation,https://www.intersocietal.org/echo/,false,false,,
1904,certification,Intersocietal Accreditation Commission,https://www.intersocietal.org,iac_nuclear_pet_accreditation,IAC Nuclear/PET Accreditation,https://www.intersocietal.org/nuclear/,false,false,,
1905,certification,Intersocietal Accreditation Commission,https://www.intersocietal.org,iac_vascular_testing_accreditation,IAC Vascular Testing Accreditation,https://www.intersocietal.org/vascular/,false,false,,
1906,certification,Intersocietal Accreditation Commission,https://www.intersocietal.org,iac_cardiac_ct_accreditation,IAC Cardiac CT Accreditation,https://www.intersocietal.org/ct/,false,false,,
1950,certification,American College of Cardiology,https://cvquality.acc.org,acc_chest_pain_center_accreditation,ACC Chest Pain Center Accreditation,https://cvquality.acc.org/accreditation,false,false,,
1951,certification,American College of Cardiology,https://cvquality.acc.org,acc_heart_failure_accreditation,ACC Heart Failure Accreditation,https://cvquality.acc.org/accreditation,false,false,,
1952,certification,American College of Cardiology,https://cvquality.acc.org,acc_cardiac_cath_lab_accreditation,ACC Cardiac Catheterization Lab Accreditation,https://cvquality.acc.org/accreditation,false,false,,
1953,certification,American College of Cardiology,https://cvquality.acc.org,acc_electrophysiology_lab_accreditation,ACC Electrophysiology Lab Accreditation,https://cvquality.acc.org/accreditation,false,false,,
1954,certification,American College of Cardiology,https://cvquality.acc.org,acc_transcatheter_valve_certification,ACC Transcatheter Valve Certification,https://cvquality.acc.org/accreditation,false,false,,
1955,certification,American College of Cardiology,https://cvquality.acc.org,acc_cardiovascular_imaging_accreditation,ACC Cardiovascular Imaging Accreditation,https://cvquality.acc.org/accreditation,false,false,,
1990,certification,Planetree International,https://planetree.org,planetree_person_centered_care_certification,Planetree Person-Centered Care Certification,https://planetree.org/person-centered-care-certification/,false,false,,
1960,certification,American College of Emergency Physicians,https://www.acep.org,acep_geriatric_emergency_department_level_1_accreditation,ACEP Level 1 Geriatric Emergency Department Accreditation,https://www.acep.org/geda/,false,false,,
1961,certification,American College of Emergency Physicians,https://www.acep.org,acep_geriatric_emergency_department_level_2_accreditation,ACEP Level 2 Geriatric Emergency Department Accreditation,https://www.acep.org/geda/,false,false,,
1962,certification,American College of Emergency Physicians,https://www.acep.org,acep_geriatric_emergency_department_level_3_accreditation,ACEP Level 3 Geriatric Emergency Department Accreditation,https://www.acep.org/geda/,false,false,,
1965,certification,Society for Cardiovascular Patient Care,https://scpc.org,scpc_chest_pain_center_accreditation,SCPC Chest Pain Center Accreditation,https://scpc.org/accreditation/,false,false,,
1970,certification,DNV Healthcare,https://www.dnv.com,dnv_primary_stroke_center_certification,DNV Primary Stroke Center Certification,https://www.dnv.com/assurance/healthcare/,false,false,,
1971,certification,DNV Healthcare,https://www.dnv.com,dnv_comprehensive_stroke_center_certification,DNV Comprehensive Stroke Center Certification,https://www.dnv.com/assurance/healthcare/,false,false,,
1972,certification,DNV Healthcare,https://www.dnv.com,dnv_thrombectomy_capable_stroke_center_certification,DNV Thrombectomy-Capable Stroke Center Certification,https://www.dnv.com/assurance/healthcare/,false,false,,
1973,certification,DNV Healthcare,https://www.dnv.com,dnv_acute_stroke_ready_hospital_certification,DNV Acute Stroke Ready Hospital Certification,https://www.dnv.com/assurance/healthcare/,false,false,,
1974,certification,DNV Healthcare,https://www.dnv.com,dnv_orthopedic_center_of_excellence,DNV Orthopedic Center of Excellence Certification,https://www.dnv.com/assurance/healthcare/,false,false,,
1975,certification,DNV Healthcare,https://www.dnv.com,dnv_spine_surgery_center_of_excellence,DNV Spine Surgery Center of Excellence Certification,https://www.dnv.com/assurance/healthcare/,false,false,,
1976,certification,DNV Healthcare,https://www.dnv.com,dnv_hip_knee_replacement_center_of_excellence,DNV Hip and Knee Replacement Center of Excellence Certification,https://www.dnv.com/assurance/healthcare/,false,false,,
2000,designation,National Cancer Institute,https://www.cancer.gov,nci_cancer_center_designation,NCI Designated Cancer Center,https://www.cancer.gov/research/infrastructure/cancer-centers,false,false,,
2001,designation,National Cancer Institute,https://www.cancer.gov,nci_comprehensive_cancer_center_designation,NCI Designated Comprehensive Cancer Center,https://www.cancer.gov/research/infrastructure/cancer-centers,false,false,,
2002,designation,National Cancer Institute,https://www.cancer.gov,nci_basic_laboratory_cancer_center_designation,NCI Designated Basic Laboratory Cancer Center,https://www.cancer.gov/research/infrastructure/cancer-centers,false,false,,
3000,designation,American College of Surgeons,https://www.facs.org,trauma_center_level_1,Level I Trauma Center,https://www.facs.org/quality-programs/trauma/verification-review-and-consultation-program/,false,false,,
3001,designation,American College of Surgeons,https://www.facs.org,trauma_center_level_2,Level II Trauma Center,https://www.facs.org/quality-programs/trauma/verification-review-and-consultation-program/,false,false,,
3002,designation,American College of Surgeons,https://www.facs.org,trauma_center_level_3,Level III Trauma Center,https://www.facs.org/quality-programs/trauma/verification-review-and-consultation-program/,false,false,,
3003,designation,American College of Surgeons,https://www.facs.org,trauma_center_level_4,Level IV Trauma Center,https://www.facs.org/quality-programs/trauma/verification-review-and-consultation-program/,false,false,,
3005,designation,Association of American Medical Colleges,https://www.aamc.org,academic_medical_center,Academic Medical Center,https://www.aamc.org/what-we-do/mission-areas/academic-medicine,false,false,,
3006,designation,Centers for Medicare & Medicaid Services,https://www.cms.gov,teaching_hospital,Teaching Hospital,https://www.cms.gov/medicare/payment/prospective-payment-systems/acute-inpatient-pps/indirect-medical-education-ime,false,false,,
3007,designation,Centers for Medicare & Medicaid Services,https://www.cms.gov,major_teaching_hospital,Major Teaching Hospital,https://www.cms.gov/medicare/payment/prospective-payment-systems/acute-inpatient-pps/indirect-medical-education-ime,false,false,,
3010,designation,American Burn Association,https://ameriburn.org,burn_center_adult,Adult Burn Center,https://ameriburn.org/quality-care/burn-center-verification/,false,false,,
3011,designation,American Burn Association,https://ameriburn.org,burn_center_pediatric,Pediatric Burn Center,https://ameriburn.org/quality-care/burn-center-verification/,false,false,,
3012,designation,American Burn Association,https://ameriburn.org,burn_center_adult_pediatric,Adult and Pediatric Burn Center,https://ameriburn.org/quality-care/burn-center-verification/,false,false,,
4000,regulatory_designation,Centers for Medicare & Medicaid Services,https://www.cms.gov,critical_access_hospital,Critical Access Hospital (CAH),https://www.cms.gov/medicare/health-safety-standards/certification-compliance/critical-access-hospitals,false,false,,
4001,regulatory_designation,Centers for Medicare & Medicaid Services,https://www.cms.gov,sole_community_hospital,Sole Community Hospital (SCH),https://www.cms.gov/medicare/medicare-provider-enrollment-and-certifications/medicare-provider-id-reassignment/sole-community-hospital,false,false,,
4002,regulatory_designation,Centers for Medicare & Medicaid Services,https://www.cms.gov,pps_exempt_cancer_hospital,PPS-Exempt Cancer Hospital (Prospective Payment System-Exempt Cancer Hospital),https://www.cms.gov/medicare/quality-initiatives-patient-assessment-instruments/pps-exempt-cancer-hospital-quality-reporting-pchqr-program,false,false,,
4003,regulatory_designation,Centers for Medicare & Medicaid Services,https://www.cms.gov,disproportionate_share_hospital,Disproportionate Share Hospital (DSH) Status,https://www.cms.gov/medicare/medicare-fee-for-service-payment/hospital-inpatient/acute-inpatientpps,false,false,,
4004,regulatory_designation,Centers for Medicare & Medicaid Services,https://www.cms.gov,rural_referral_center,Rural Referral Center (RRC),https://www.cms.gov/medicare/medicare-fee-for-service-payment/hospital-inpatient/acute-inpatientpps,false,false,,
4005,regulatory_designation,Centers for Medicare & Medicaid Services,https://www.cms.gov,medicare_dependent_hospital,Medicare-Dependent Hospital (MDH),https://www.cms.gov/medicare/medicare-fee-for-service-payment/hospital-inpatient/acute-inpatientpps,false,false,,
4006,regulatory_designation,Centers for Medicare & Medicaid Services,https://www.cms.gov,essential_access_community_hospital,Essential Access Community Hospital (EACH),https://www.cms.gov/medicare/medicare-fee-for-service-payment/hospital-inpatient/acute-inpatientpps,false,false,,
4007,regulatory_designation,Health Resources & Services Administration (HRSA),https://www.hrsa.gov,340b_covered_entity,340B Covered Entity,https://www.hrsa.gov/opa/index.html,false,false,,
4008,regulatory_designation,Centers for Medicare & Medicaid Services,https://www.cms.gov,childrens_hospital_designation,Children's Hospital (Medicare classification / regulatory recognition),https://www.cms.gov/medicare/quality-initiatives-patient-assessment-instruments/hospitalqualityinits,false,false,,
4009,regulatory_designation,Centers for Medicare & Medicaid Services,https://www.cms.gov,physician_owned_hospital_restriction,Physician-Owned Hospital (Medicare Participation Restricted Under Stark Law),https://www.cms.gov/Medicare/Fraud-and-Abuse/PhysicianSelfReferral/Physician_Owned_Hospitals,false,false,,
10000,accreditation,Accreditation Commission for Health Care,https://www.achc.org,achc_home_health_accreditation,ACHC Home Health Accreditation,https://achc.org/home-health/,false,false,,
10001,accreditation,Accreditation Commission for Health Care,https://www.achc.org,achc_hospice_accreditation,ACHC Hospice Accreditation,https://achc.org/hospice/,false,false,,
10002,accreditation,Accreditation Commission for Health Care,https://www.achc.org,achc_home_care_accreditation,ACHC Home Care Accreditation,https://achc.org/home-care/,false,false,,
